post_title,post_name,post_parent,ID,post_excerpt,post_content,post_status,post_password,menu_order,post_date,post_author,comment_status,_sku,parent_sku,parent,_children,_downloadable,_virtual,_stock,_regular_price,_sale_price,_weight,_length,_width,_height,_tax_class,_visibility,_stock_status,_backorders,_manage_stock,_tax_status,_upsell_ids,_crosssell_ids,_featured,_sale_price_dates_from,_sale_price_dates_to,_download_limit,_download_expiry,_product_url,_button_text,meta:_yoast_wpseo_focuskw,meta:_yoast_wpseo_title,meta:_yoast_wpseo_metadesc,meta:_yoast_wpseo_metakeywords,images,downloadable_files,product_page_url,tax:product_type,tax:product_visibility,tax:product_cat,tax:product_tag,tax:product_shipping_class,meta:tm_meta,meta:tm_meta_cpf,meta:total_sales,meta:woodmart_sguide_select,meta:woodmart_total_stock_quantity,meta:wd_additional_variation_images_data,meta:attribute_pa_brand,attribute:pa_brand,attribute_data:pa_brand,attribute_default:pa_brand,attribute:pa_color,attribute_data:pa_color,attribute_default:pa_color,attribute:pa_size,attribute_data:pa_size,attribute_default:pa_size
"100% Pure White Kidney Bean Extract – 1200mg – 60 Capsules",100-pure-white-kidney-bean-extract-1200mg-60-capsules,,7214,"Powerful Weight Loss Aid &amp; Appetite Suppressant: Trials have shown that white kidney bean extract suppresses your appetite and help you get lasting weight loss results. Suppress your appetite without the cravings!","All-Natural Carb Blocker: Naturally and effectively fights the absorption of carbs, starches and fats by preventing them from being broken down, helping you keep weight off &amp; your blood sugar stable.

Powerful Weight Loss Aid &amp; Appetite Suppressant: Trials have shown that white kidney bean extract suppresses your appetite and help you get lasting weight loss results. Suppress your appetite without the cravings!

Easy to swallow veggie capsules made with all natural ingredients. This supplement for both men and women of all ages (18 ). Just 2 capsules a day is all it takes. This supplement has NO GMOS, gluten, eggs, dairy or soy ingredients in it.

TerraForm Nutrition products are quality you can trust. All of our supplements are made in the USA at a GMP Certified, FDA registered state of the art facility. Additionally, they undergo 3rd party lab testing to assure purity and potency.

We believe in our products and our promise, so we stand behind them with a money back guarantee. We ask that you try it for at least 2 to 4 weeks, if you don’t get the results you were hoping for simply contact us for a full refund, no questions asked.

Cutting carbs to help lose weight can be one of the hardest, but one of the most effective ways. Our all-natural White Kidney Bean Extract can help block the bodies consumption of carbs, helping you to keep the weight off, while not having to cut them from your diet. This pure extract of Phaseolus Vulgaris has shown to combat the absorption of complex carbs (think pasta, bread, potatoes, all of those meal staples that are so hard to give up!) It stops starches, effectively helping you keep the weight off, and keeps your blood sugar levels stable. Pairing this carb blocking supplement with a healthy, balanced diet and exercise lead to some powerful weight loss results.*",publish,,0,"2022-02-03 19:54:12",1,open,T-WKB60,,,,no,no,,29.99,14.95,,,,,,,instock,no,no,taxable,,,,,,'-1,'-1,,,,,,,"https://developerferoz.me/ecommorace-exm1/wp-content/uploads/2022/02/tfn-white-kidney-bean-info-graphic-1.jpg ! alt :  ! title : tfn-white-kidney-bean-info-graphic-1 ! desc :  ! caption :  | https://developerferoz.me/ecommorace-exm1/wp-content/uploads/2022/02/white-kidney-bean-bottle-front-1-300x300-1.jpg ! alt :  ! title : white-kidney-bean-bottle-front-1-300x300 ! desc :  ! caption :  | https://developerferoz.me/ecommorace-exm1/wp-content/uploads/2022/02/tfn-white-kidney-bean-info-graphic-3-300x300-1.jpg ! alt :  ! title : tfn-white-kidney-bean-info-graphic-3-300x300 ! desc :  ! caption :  | https://developerferoz.me/ecommorace-exm1/wp-content/uploads/2022/02/white-kidney-bean-bottle-front-w-ing-1-150x150-1.jpg ! alt :  ! title : white-kidney-bean-bottle-front-w-ing-1-150x150 ! desc :  ! caption : ",,https://developerferoz.me/ecommorace-exm1/?product=100-pure-white-kidney-bean-extract-1200mg-60-capsules,simple,,"Weight Loss",,,,"{""mode"":""builder"",""override_display"":"""",""override_final_total_box"":""""}",0,none,,,,,,,,,,,,
"Horny Goat Weed Herbal Blend, 60 Capsules",horny-goat-weed-herbal-blend-60-capsules,,7330,"Horny Goat Weed contains high levels of a substance known as Icariin (100 mg per dose) that helps restore your youthful energy and stamina.

Potent &amp; Pure Ingredients – Our horny goat weed complex contains a unique combination of ingredients used for centuries including Ginseng, MACA Root, Tongkat Ali, Saw Palmetto, and L-Arginine alongside the main ingredient, Horny Goat Weed","<strong>An All-Natural Enhancer</strong>

Get back that youth vitality with a supplement that will help give you energy and restore your bodies balance.

<strong>How does it work?</strong>

Horny Goat Weed, also known as Epimedium or yin yang huo, is a natural ingredient that has been used for centuries to help revitalize both men and women. Horny goat weed has a high level of a substance known as icariin, which helps with natural libido, performance and energy.* Taking just two of these capsules daily will give you that spark you need to get your day going and lasting long into the evening.

<strong>Why Choose Terraform Horny Goat Weed?</strong>

While horny goat weed itself is effective, we have found the right blend need to maximize its effects. By adding in the right dosages of other natural herbs like Maca Root and Saw Palmetto, we were able to find the best formula to help rejuvenate the energy you feel like you’ve lost.

<strong>Horny Goat Weed Benefits Include:</strong>
<ul>
 	<li>Powerful Boost in Energy</li>
 	<li>Helps Lessen Mental &amp; Physical Fatigue</li>
 	<li>Helps Relieve Joint &amp; Muscle Pain</li>
 	<li>Supports Workout Energy &amp; Sustainability</li>
 	<li>Helps Improve Blood flow</li>
</ul>
<strong>When Do I Use It?</strong>

Just take 2 easy to swallow capsules with a glass of water once a day, and that’s it!

&nbsp;
<ul>
 	<li>Easy to swallow veggie capsules made with all natural ingredients.  This supplement for both men and women of all ages (18 ).  Just 2 capsules with a meal is all it takes.  This supplement has NO GMOS, gluten, eggs, dairy or soy ingredients in it.</li>
 	<li>TerraForm Nutrition products are quality you can trust.  All of our supplements are made in the USA at a GMP Certified, FDA registered state of the art facility.  Additionally, they undergo 3<sup>rd</sup> party lab testing to assure purity and potency.</li>
 	<li>We believe in our products and our promise, so we stand behind them with a money back guarantee.  We ask that you try it for at least 2 to 4 weeks, if you don’t get the results you were hoping for simply contact us for a full refund, no questions asked.</li>
</ul>",publish,,0,"2022-02-04 04:47:33",1,open,T-HGW60,,,,no,no,,29.99,15.95,,,,,,,instock,no,no,taxable,,,,,,'-1,'-1,,,,,,,"https://developerferoz.me/ecommorace-exm1/wp-content/uploads/2022/02/hornygoatweed-bottle-front-2-ing.jpg ! alt :  ! title : hornygoatweed-bottle-front-2-ing ! desc :  ! caption :  | https://developerferoz.me/ecommorace-exm1/wp-content/uploads/2022/02/hgw-info-graphic-1-300x300-1.jpg ! alt :  ! title : hgw-info-graphic-1-300x300 ! desc :  ! caption :  | https://developerferoz.me/ecommorace-exm1/wp-content/uploads/2022/02/hornygoatweed-bottle-front-2-ing-150x150-1.jpg ! alt :  ! title : hornygoatweed-bottle-front-2-ing-150x150 ! desc :  ! caption :  | https://developerferoz.me/ecommorace-exm1/wp-content/uploads/2022/02/hornygoatweed-bottle-front-1-300x300-1.jpg ! alt :  ! title : hornygoatweed-bottle-front-1-300x300 ! desc :  ! caption :  | https://developerferoz.me/ecommorace-exm1/wp-content/uploads/2022/02/hornygoatweed-bottle-side-2-300x300-1.jpg ! alt :  ! title : hornygoatweed-bottle-side-2-300x300 ! desc :  ! caption : ",,https://developerferoz.me/ecommorace-exm1/?product=horny-goat-weed-herbal-blend-60-capsules,simple,,Accessories,,,,"{""mode"":""builder"",""override_display"":"""",""override_final_total_box"":""""}",0,none,,,,,,,,,,,,
"Garcinia Cambogia 95% HCA – 1400mg – 60 Capsules",garcinia-cambogia-95-hca-1400mg-60-capsules,,7331,"<h5>• Reduce the Storage of Fat*
• Help Suppress Food Cravings*
• Boost Energy &amp; Mood*
• Increased Metabolism*</h5>","We know weight loss can be difficult. Especially in the beginning, when you are trying to better yourself by eating healthier and regularly exercising. But that is where our Premium Garcinia Cambogia can really help. With our powerful 95% HCA extract, not only will it help suppress the cravings* that come with changing your eating habits, but will also help boost your mood naturally* so that you don’t lose that motivation you already have going.
<h4>SUPERIOR WEIGHT LOSS SUPPLEMENT</h4>
<strong>• Reduce the Storage of Fat*</strong>
<strong>• Help Suppress Food Cravings*</strong>
<strong>• Boost Energy &amp; Mood*</strong>
<strong>• Increased Metabolism*</strong>

Formulated by weight-loss experts, our Premium Garcinia Cambogia is made to help people see the weight loss results they have been looking for. This product does not use any stimulants or chemicals that most fat burner supplements use, but rather harnesses the naturally high levels of Hydroxycitric Acid (HCA) to inhibit the conversion of carbs and sugars into fat, and instead utilizes those calories for a boost of energy for you. Aside from that, it has been shown that HCA will increase serotonin levels, which will curb those emotional food cravings that you will get on the road to weight loss!*
<h4>100% NATURAL INGREDIENTS</h4>
Our Premium Garcinia Cambogia is completely free of GMO’s, soy, dairy or egg ingredients. It is a 100% pure, all-natural product, which cannot be said for most supplements on the market. Always be sure to check the labels on any supplement you may take to be sure you are getting the highest quality products.
<ul>
 	<li><strong>Control the Cravings, See the Difference:</strong> Naturally helps control food cravings, and helps boost your energy levels to assist in making you a healthier &amp; happier version of yourself!</li>
 	<li><strong>Powerful 100% Natural Garcinia Cambogia Extract:</strong> Our all natural formula with 95% HCA was exclusively formulated to suppress your appetite and help you get lasting weight loss results.</li>
 	<li>Easy to swallow veggie capsules made with all natural ingredients. This supplement for both men and women of all ages (18 ). Just 2 capsules a day is all it takes. This supplement has NO GMOS, gluten, eggs, dairy or soy ingredients in it.</li>
 	<li><strong>TerraForm Nutrition products are quality you can trust.</strong> All of our supplements are produced in the United States at a GMP Certified, FDA registered state of the art facility. Additionally, they undergo 3rd party lab testing to assure purity and potency.</li>
 	<li>We believe in our products and our promise, so we stand behind them with a money back guarantee. We ask that you try it for at least 2 to 4 weeks, if you don’t get the results you were hoping for simply contact us for a full refund, no questions asked.</li>
</ul>",publish,,0,"2022-02-04 08:02:33",1,open,T-GC9560,,,,no,no,,29.95,14.99,,,,,,,instock,no,no,taxable,,,,,,'-1,'-1,,,,,,,"https://developerferoz.me/ecommorace-exm1/wp-content/uploads/2022/02/tfn-garcinia-95-bottle-front-w-ing.jpg ! alt :  ! title : tfn-garcinia-95-bottle-front-w-ing ! desc :  ! caption :  | https://developerferoz.me/ecommorace-exm1/wp-content/uploads/2022/02/tfn-garcinia-95-bottle-front-1-300x300-1.jpg ! alt :  ! title : tfn-garcinia-95-bottle-front-1-300x300 ! desc :  ! caption :  | https://developerferoz.me/ecommorace-exm1/wp-content/uploads/2022/02/garcinia-95-supp-facts-1-150x164-1.jpg ! alt :  ! title : garcinia-95-supp-facts-1-150x164 ! desc :  ! caption :  | https://developerferoz.me/ecommorace-exm1/wp-content/uploads/2022/02/tfn-garcinia-80-info-graphic-2-300x300-1.jpg ! alt :  ! title : tfn-garcinia-80-info-graphic-2-300x300 ! desc :  ! caption :  | https://developerferoz.me/ecommorace-exm1/wp-content/uploads/2022/02/tfn-garcinia-80-bottle-front-w-ing-compressor-150x150-1.jpg ! alt :  ! title : tfn-garcinia-80-bottle-front-w-ing-compressor-150x150 ! desc :  ! caption :  | https://developerferoz.me/ecommorace-exm1/wp-content/uploads/2022/02/tfn-garcinia-95-info-graphic-1-300x300-1.jpg ! alt :  ! title : tfn-garcinia-95-info-graphic-1-300x300 ! desc :  ! caption :  | https://developerferoz.me/ecommorace-exm1/wp-content/uploads/2022/02/tfn-garcinia-80-bottle-front-compressor-300x300-1.jpg ! alt :  ! title : tfn-garcinia-80-bottle-front-compressor-300x300 ! desc :  ! caption : ",,https://developerferoz.me/ecommorace-exm1/?product=garcinia-cambogia-95-hca-1400mg-60-capsules,simple,,"Weight Loss",,,,"{""mode"":""builder"",""override_display"":"""",""override_final_total_box"":""""}",0,none,,,,,,,,,,,,
"Garcinia Cambogia 80% HCA – 1400mg – 60 Capsules",garcinia-cambogia-80-hca-1400mg-60-capsules,,7332,"Control the Cravings, See the Difference: Naturally helps control food cravings, and helps boost your energy levels to assist in making you a healthier &amp; happier version of yourself!","We know weight loss can be difficult. Especially in the beginning, when you are trying to better yourself by eating healthier and regularly exercising. But that is where our Premium Garcinia Cambogia can really help. With our powerful 80% HCA extract, not only will it help suppress the cravings* that come with changing your eating habits, but will also help boost your mood naturally* so that you don’t lose that motivation you already have going.
<h2>SUPERIOR WEIGHT LOSS SUPPLEMENT</h2>
<ul>
 	<li>Reduce the Storage of Fat*</li>
 	<li>Help Suppress Food Cravings*</li>
 	<li>Boost Energy &amp; Mood*</li>
 	<li>Increased Metabolism*</li>
</ul>
Formulated by weight-loss experts, our Premium Garcinia Cambogia is made to help people see the weight loss results they have been looking for. This product does not use any stimulants or chemicals that most fat burner supplements use, but rather harnesses the naturally high levels of Hydroxycitric Acid (HCA) to inhibit the conversion of carbs and sugars into fat, and instead utilizes those calories for a boost of energy for you. Aside from that, it has been shown that HCA will increase serotonin levels, which will curb those emotional food cravings that you will get on the road to weight loss!*
<h2>100% NATURAL INGREDIENTS</h2>
Our Premium Garcinia Cambogia is completely free of GMO’s, soy, dairy or egg ingredients. It is a 100% pure, all-natural product, which cannot be said for most supplements on the market. Always be sure to check the labels on any supplement you may take to be sure you are getting the highest quality products.",publish,,0,"2022-02-04 08:12:00",1,open,T-GC8060,,,,no,no,,29.99,12.99,,,,,,,instock,no,no,taxable,,,,,,'-1,'-1,,,,,,,"https://developerferoz.me/ecommorace-exm1/wp-content/uploads/2022/02/tfn-garcinia-80-bottle-front-w-ing-compressor-150x150-1.jpg ! alt :  ! title : tfn-garcinia-80-bottle-front-w-ing-compressor-150x150 ! desc :  ! caption :  | https://developerferoz.me/ecommorace-exm1/wp-content/uploads/2022/02/tfn-garcinia-95-bottle-front-1-300x300-1.jpg ! alt :  ! title : tfn-garcinia-95-bottle-front-1-300x300 ! desc :  ! caption :  | https://developerferoz.me/ecommorace-exm1/wp-content/uploads/2022/02/hornygoatweed-bottle-side-2-300x300-1.jpg ! alt :  ! title : hornygoatweed-bottle-side-2-300x300 ! desc :  ! caption :  | https://developerferoz.me/ecommorace-exm1/wp-content/uploads/2022/02/tfn-garcinia-80-info-graphic-2-300x300-1.jpg ! alt :  ! title : tfn-garcinia-80-info-graphic-2-300x300 ! desc :  ! caption :  | https://developerferoz.me/ecommorace-exm1/wp-content/uploads/2022/02/tfn-immunsix-bottle-side-1-dir-300x300-1.jpg ! alt :  ! title : tfn-immunsix-bottle-side-1-dir-300x300 ! desc :  ! caption : ",,https://developerferoz.me/ecommorace-exm1/?product=garcinia-cambogia-80-hca-1400mg-60-capsules,simple,,Accessories,,,,"{""mode"":""builder"",""override_display"":"""",""override_final_total_box"":""""}",0,none,,,,,,,,,,,,
"Extra Strength Joint Support Gummies with Glucosamine & Vitamin E – 60 Count",extra-strength-joint-support-gummies-with-glucosamine-vitamin-e-60-count,,7334,"<div class=""woocommerce-product-details__short-description"">

Cartilage &amp; Immune Support – Glucosamine keeps your cartilage healthy and helps avoid the grinding of your joints as the cartilage deteriorates.

</div>
<p class=""stock in-stock"">220 in stock (can be backordered)</p>","It’s important for you to keep up with your life, and you can’t afford to have things like joint pains slowing you down. But with a daily joint gummy you can make sure you have the best support possible to avoid joint pains.

<strong>Experience the Benefits of Joint Support Gummies:</strong>
<ul>
 	<li>Created with Pure, All-Natural Ingredients</li>
 	<li>Helps Prevent Aches and Pains</li>
 	<li>Supports Joint Flexibility &amp; Mobility</li>
 	<li>Helps prevent Soreness &amp; Inflammation</li>
 	<li>Proudly Made in the USA</li>
</ul>
<strong><em>We hope that instead of waiting for joint pains to start, you take a daily chewable glucosamine &amp; vitamin e gummy to help support your joints.</em></strong>

Terraform Nutrition is a brand focused on helping people everywhere live a comfortable and happy life. Backed by a scientifically formulated supplement, we believe our product will be able to help you. As you age, we want you to be able to continue living your life the way you have grown to enjoy.

We truly believe in our product and our promise, so we stand behind them with a <strong>money back guarantee.</strong>  We ask that you try it for at least 2 to 4 weeks, if you don’t get the results you were hoping for simply contact us for a full refund, no questions asked.",publish,,0,"2022-02-04 08:40:10",1,open,T-JSG60,,,,no,no,,24.99,14.99,,,,,,,instock,no,no,taxable,,,,,,'-1,'-1,,,,,,,"https://developerferoz.me/ecommorace-exm1/wp-content/uploads/2022/02/joint-supplement-gummies-bottle-front-2-w-ing-1.jpg ! alt :  ! title : joint-supplement-gummies-bottle-front-2-w-ing (1) ! desc :  ! caption :  | https://developerferoz.me/ecommorace-exm1/wp-content/uploads/2022/02/joint-supplement-gummies-bottle-front-1-300x300-1.jpg ! alt :  ! title : joint-supplement-gummies-bottle-front-1-300x300 ! desc :  ! caption :  | https://developerferoz.me/ecommorace-exm1/wp-content/uploads/2022/02/tfn-joint-gummie-infographic-2-300x300-1-1.jpg ! alt :  ! title : tfn-joint-gummie-infographic-2-300x300 (1) ! desc :  ! caption :  | https://developerferoz.me/ecommorace-exm1/wp-content/uploads/2022/02/coq10-bottle-front.jpg ! alt :  ! title : coq10-bottle-front ! desc :  ! caption :  | https://developerferoz.me/ecommorace-exm1/wp-content/uploads/2022/02/coq10-bottle-front-icons-300x300-1.jpg ! alt :  ! title : coq10-bottle-front-icons-300x300 ! desc :  ! caption : ",,https://developerferoz.me/ecommorace-exm1/?product=extra-strength-joint-support-gummies-with-glucosamine-vitamin-e-60-count,simple,,"Joint Support",,,,"{""mode"":""builder"",""override_display"":"""",""override_final_total_box"":""""}",0,none,,,,,,,,,,,,
"Extra Strength CoQ10 200mg – 30 Capsules – TerraForm Nutrition",extra-strength-coq10-200mg-30-capsules-terraform-nutrition,,7335,"<div class=""woocommerce-product-details__short-description"">

As you age, the cells in your body naturally start to weaken and degrade over time. A lot of times this leads to you feeling weaker, having less energy, and starting to develop issues with your heart or cardiovascular system as a whole. That is where extra strength CoQ10 comes in, by helping those cells that start to degrade regenerate and fix themselves.

</div>
<p class=""stock in-stock"">208 in stock</p>","As you age, the cells in your body naturally start to weaken and degrade over time. A lot of times this leads to you feeling weaker, having less energy, and starting to develop issues with your heart or cardiovascular system as a whole. That is where extra strength CoQ10 comes in, by helping those cells that start to degrade regenerate and fix themselves.
<h4>What Does the CoQ10 200mg really do?</h4>
<h5>1. Supports heart &amp; cardiovascular health
2. As the natural energy in cells begins to fade, CoQ10 is a major factor in the mitochondrial ATP synthesis, helping keep that natural energy and support additional cell production
3. Protects cells from free radical damage
4. Helps replenish CoQ10 caused by the effects of statin treatments
5. Slows age-related increase in DNA damage
6. Extra Strength coenzyme Q10 supports the transfer of proteins which promotes healthy pH levels
7. Supports cognitive health</h5>
At a basic level, CoQ10 is an antioxidant found naturally in almost every cell in your body. These antioxidants help break down what is called free radicals (free radicals are natural by-products of cellular reactions). Your body has a lot of other antioxidants in your body to help combat these free radicals, but as you age, this begins to not be enough. By supplementing your natural production of CoQ10, you can help your body combat cellular breakdown.",publish,,0,"2022-02-04 08:44:06",1,open,T-CQ1030,,,,no,no,,29.99,17.95,,,,,,,instock,no,no,taxable,,,,,,'-1,'-1,,,,,,,"https://developerferoz.me/ecommorace-exm1/wp-content/uploads/2022/02/coq10-bottle-front.jpg ! alt :  ! title : coq10-bottle-front ! desc :  ! caption :  | https://developerferoz.me/ecommorace-exm1/wp-content/uploads/2022/02/coq10-bottle-front-icons-300x300-1.jpg ! alt :  ! title : coq10-bottle-front-icons-300x300 ! desc :  ! caption :  | https://developerferoz.me/ecommorace-exm1/wp-content/uploads/2022/02/tfn-coq10-info-graphic-1-300x300-1.jpg ! alt :  ! title : tfn-coq10-info-graphic-1-300x300 ! desc :  ! caption :  | https://developerferoz.me/ecommorace-exm1/wp-content/uploads/2022/02/tfn-coq10-info-graphic-3-300x300-1.jpg ! alt :  ! title : tfn-coq10-info-graphic-3-300x300 ! desc :  ! caption :  | https://developerferoz.me/ecommorace-exm1/wp-content/uploads/2022/02/tfn-SAG-bottle-front.jpg ! alt :  ! title : tfn-SAG-bottle-front ! desc :  ! caption :  | https://developerferoz.me/ecommorace-exm1/wp-content/uploads/2022/02/tfn-SAG-bottle-dir-150x150-1.jpg ! alt :  ! title : tfn-SAG-bottle-dir-150x150 ! desc :  ! caption : ",,https://developerferoz.me/ecommorace-exm1/?product=extra-strength-coq10-200mg-30-capsules-terraform-nutrition,simple,,Multivitamins,,,,"{""mode"":""builder"",""override_display"":"""",""override_final_total_box"":""""}",0,none,,,,,,,,,,,,
"Extra Strength 300mg S-Acetyl Glutathione (SAG) Supplement – 60 Acid-Resistant Capsules",extra-strength-300mg-s-acetyl-glutathione-sag-supplement-60-acid-resistant-capsules,,7336,"<div class=""woocommerce-product-details__short-description"">
<ul>
 	<li>Extra strength powerful antioxidant</li>
 	<li>Supports liver health</li>
 	<li>Enclosed in acid-resistant capsules</li>
</ul>
</div>
<form class=""cart"" action=""https://www.terraformnutrition.com/shop/extra-strength-300mg-s-acetyl-glutathione-supplement-60-acid-resistant-capsules/"" enctype=""multipart/form-data"" method=""post"">
<div class=""wcsatt-options-wrapper wcsatt-options-wrapper-flat wcsatt-options-wrapper-text open "" data-sign_up_text=""Sign Up Now"">
<div class=""wcsatt-options-product-prompt wcsatt-options-product-prompt-flat wcsatt-options-product-prompt-text wcsatt-options-product-prompt--visible"" data-prompt_type=""text""></div>
</div>
</form>","S-Acetyl Glutathione is one of the most effective forms of glutathione available. Dosed at 300mg per acid-resistant capsule, our s-acetyl glutathione supplement is the strongest available and will be effectively delivered to your gut to maximize its effectiveness for you. Glutathione has been shown to help neutralize free radicals and supports the liver.

<strong>Extra Strength Formula</strong>

Our S-Acetyl Glutathione supplement is the most effective formulation, dosed at the 300mg amount – 3x higher than almost all other l-glutathione formulations. The S-Acetyl form helps keep it from breaking down before it gets properly delivered, making it more bio-available.

<strong>Why supplement glutathione?</strong>
<ul>
 	<li>EXTRA STRENGTH POWERFUL ANTIOXIDANT – S-Acetyl glutathione is an intracellular antioxidant that offers protection to cells from damage caused by free radicals.</li>
 	<li>SUPPORTS LIVER HEALTH – Glutathione supports the liver, allowing it to remove toxins from the bloodstream.</li>
 	<li>ENCLOSED IN ACID-RESISTANT CAPSULES – It’s important for the Glutathione to delivered properly into the gut – these capsules allow it to make it there without being compromised.</li>
</ul>
After the age of 45, the body naturally produces less and less glutathione, meaning in order to keep the bodies glutathione levels higher a supplement is needed.",publish,,0,"2022-02-04 08:50:15",1,open,T-SAG60,,,,no,no,,59.99,39.99,,,,,,,instock,no,no,taxable,,,,,,'-1,'-1,,,,,,,"https://developerferoz.me/ecommorace-exm1/wp-content/uploads/2022/02/tfn-SAG-bottle-front.jpg ! alt :  ! title : tfn-SAG-bottle-front ! desc :  ! caption :  | https://developerferoz.me/ecommorace-exm1/wp-content/uploads/2022/02/tfn-SAG-bottle-dir-150x150-1.jpg ! alt :  ! title : tfn-SAG-bottle-dir-150x150 ! desc :  ! caption :  | https://developerferoz.me/ecommorace-exm1/wp-content/uploads/2022/02/tfn_S-Acetyl_Glutathione_infographic-2-150x150-1.jpg ! alt :  ! title : tfn_S-Acetyl_Glutathione_infographic-2-150x150 ! desc :  ! caption :  | https://developerferoz.me/ecommorace-exm1/wp-content/uploads/2022/02/tfn_S-Acetyl_Glutathione_infographic-1-150x150-1.jpg ! alt :  ! title : tfn_S-Acetyl_Glutathione_infographic-1-150x150 ! desc :  ! caption :  | https://developerferoz.me/ecommorace-exm1/wp-content/uploads/2022/02/tfn-SAG-bottle-sf-150x150-1.jpg ! alt :  ! title : tfn-SAG-bottle-sf-150x150 ! desc :  ! caption : ",,https://developerferoz.me/ecommorace-exm1/?product=extra-strength-300mg-s-acetyl-glutathione-sag-supplement-60-acid-resistant-capsules,simple,,Accessories,,,,"{""mode"":""builder"",""override_display"":"""",""override_final_total_box"":""""}",0,none,,,,,,,,,,,,
"Disposable Face Masks – 50 Pack – 3 Ply – Comfortable Non-Woven with Ear Loop",disposable-face-masks-50-pack-3-ply-comfortable-non-woven-with-ear-loop,,7337,"<div class=""woocommerce-product-details__short-description"">

New Stock &amp; New Low Price!  These masks offer a simple and comfortable solution to keep dust, pollutants etc. out.  Perfect for anyone looking for an effective solution for added protection.  Elastic ear loops mean these masks fit great on almost anyone.  High quality non woven 3-ply construction with melt blown inner layer.  50 Masks Pack.

In Stock, Ships within 1 Business Day from Buffalo, NY.

</div>
<form class=""cart"" action=""https://www.terraformnutrition.com/shop/disposable-face-masks-50-pack-3-ply-comfortable-non-woven-with-ear-loop/"" enctype=""multipart/form-data"" method=""post"">
<div class=""quantity""></div>
</form>","<ul>
 	<li>Comfortable, easy to use design.  100% Spunbond Polypropylene inner and outer layers, non-woven.  Elastic ear loops designed to be a one size fits most.</li>
 	<li>High quality 3-ply with inner melt blown layer for better filtration in a neutral blue color.</li>
 	<li>Great Protection for: Cleaners, Builders, Professionals, Students, Painting, General Construction, Allergy Suffer, Yard Work, etc.</li>
 	<li>Value Pack: 50 Total Masks Included</li>
 	<li>These masks are new stock manufactured in China.</li>
</ul>
In Stock, Ships within 1 Business Day from Buffalo, NY.  No returns or exchanges.

&nbsp;",publish,,0,"2022-02-04 08:56:32",1,open,NWDM50,,,,no,no,,59.99,14.99,,,,,,,instock,no,no,taxable,,,,,,'-1,'-1,,,,,,,"https://developerferoz.me/ecommorace-exm1/wp-content/uploads/2022/02/MASK-MAIN-150x150-1.jpg ! alt :  ! title : MASK-MAIN-150x150 ! desc :  ! caption :  | https://developerferoz.me/ecommorace-exm1/wp-content/uploads/2022/02/mask-expl-300x300-1.jpg ! alt :  ! title : mask-expl-300x300 ! desc :  ! caption :  | https://developerferoz.me/ecommorace-exm1/wp-content/uploads/2022/02/image-flat-1024x1024-1-300x300-1.jpg ! alt :  ! title : image-flat-1024x1024-1-300x300 ! desc :  ! caption :  | https://developerferoz.me/ecommorace-exm1/wp-content/uploads/2022/02/465291_975010249_122_720x-300x300-1.jpg ! alt :  ! title : 465291_975010249_122_720x-300x300 ! desc :  ! caption :  | https://developerferoz.me/ecommorace-exm1/wp-content/uploads/2022/02/JJWP1079_8_1024x1024-300x300-1.jpg ! alt :  ! title : JJWP1079_8_1024x1024-300x300 ! desc :  ! caption : ",,https://developerferoz.me/ecommorace-exm1/?product=disposable-face-masks-50-pack-3-ply-comfortable-non-woven-with-ear-loop,simple,,Wellness,,,,"{""mode"":""builder"",""override_display"":"""",""override_final_total_box"":""""}",0,none,,,,,,,,,,,,
"Cryosleep – Natural Sleep Aid – 60 Capsules",cryosleep-natural-sleep-aid-60-capsules,,7340,"<strong>FALL ASLEEP FAST</strong> – Cryosleep helps you fall into a quiet, relaxed sleep quickly. By easing your mind &amp; body with the perfect combination of all natural ingredients.

<strong>SLEEP BETTER, WAKE UP FEELING GREAT</strong> – By helping calm your nerves and easing your restlessness, you can sleep more solid and wake up feeling refreshed and ready to tackle the day, without feeling any negative affects you may get from other sleep aids.","<h4>Get a Full, Satisfying Night’s Rest and Wake Up Feeling Refreshed</h4>
One of the biggest problems many of us face is feeling tired and de-energized, and often times that all stems from issues with sleep. Many people struggle to fall asleep, have trouble disconnecting from the day, can’t stay asleep, or waking up not feeling rested.

As we looked out there for a solution to this problem, we noticed an abundance of options, but few that would properly do the trick with natural ingredients.
<h4>With an Expertly Crafted Blend of Herbs &amp; Nutrients, Cryosleep is the Key.</h4>
Here are the main ingredients helping you get that night of sleep you need:

<strong>Melatonin –</strong> Normally, your melatonin levels increase at night naturally to help you sleep, but your surroundings can hinder this from happening. Light, Electronics, Stress, Jet Lag and any night time activity can disrupt it from properly rising. The Melatonin in Cryosleep helps correct this and your sleep cycle.

<strong>Herbal Blend (Chamomile, Wolfberry, Lemon Balm, Passion Flower, Hops)</strong> – Each of these herbs has natural properties that help the body naturally relax and has been used for centuries to remedy sleeplessness*. Combining them all together in our formula allows us to keep the ingredients natural, but the effects still powerful to give you that full night’s sleep.

<strong>GABA &amp; L-Theanine</strong> – Both of these ingredients help to put the body in a state of relaxation, and sooth the mind*. By helping the body reduce stress, in allows you to drift to sleep quicker, and sleep more soundly*.
<h4>So instead of trying to lay there for hours or tossing and turning in the night, try Cryosleep. It will help you sleep better, so you can wake up rested and ready to tackle the day*.</h4>",publish,,0,"2022-02-04 09:06:51",1,open,,,,,no,no,,14.97,,,,,,,,instock,no,no,taxable,,,,,,'-1,'-1,,,,,,,"https://developerferoz.me/ecommorace-exm1/wp-content/uploads/2022/02/cryosleep-bottle-front-1-600x600-1.jpg ! alt :  ! title : cryosleep-bottle-front-1-600x600 ! desc :  ! caption :  | https://developerferoz.me/ecommorace-exm1/wp-content/uploads/2022/02/crypsleep-night-info-graphic-1-1-300x300-1.jpg ! alt :  ! title : crypsleep-night-info-graphic-1-1-300x300 ! desc :  ! caption :  | https://developerferoz.me/ecommorace-exm1/wp-content/uploads/2022/02/crypsleep-night-info-graphic-2-1-300x300-1.jpg ! alt :  ! title : crypsleep-night-info-graphic-2-1-300x300 ! desc :  ! caption :  | https://developerferoz.me/ecommorace-exm1/wp-content/uploads/2022/02/crypsleep-night-info-graphic-3-1-300x300-1.jpg ! alt :  ! title : crypsleep-night-info-graphic-3-1-300x300 ! desc :  ! caption :  | https://developerferoz.me/ecommorace-exm1/wp-content/uploads/2022/02/cryosleep-bottle-front-3-icons-300x300-1.jpg ! alt :  ! title : cryosleep-bottle-front-3-icons-300x300 ! desc :  ! caption : ",,https://developerferoz.me/ecommorace-exm1/?product=cryosleep-natural-sleep-aid-60-capsules,variable,,"Sleep Support",,,"{""tmfbuilder"":{""sections_internal_name"":[""Section""],""section_header_size"":[""3""],""section_header_title"":[""""],""section_header_title_position"":[""""],""section_header_title_color"":[""""],""section_header_subtitle"":[""""],""section_header_subtitle_position"":[""""],""section_header_subtitle_color"":[""""],""section_divider_type"":[""none""],""sections"":[""1""],""sections_slides"":[""""],""sections_size"":[""w100""],""sections_uniqid"":[""61fceb42fc7753.42238357""],""sections_style"":[""""],""sections_placement"":[""before""],""sections_type"":[""""],""sections_popupbutton"":[""""],""sections_class"":[""""],""sections_clogic"":[""{\"toggle\":\"show\",\"what\":\"any\",\"rules\":[]}""],""sections_logic"":[""""],""element_type"":[""variations""],""div_size"":[""w100""],""variations_internal_name"":[""Variations""],""variations_header_size"":[""10""],""variations_header_title"":[""""],""variations_header_title_position"":[""""],""variations_header_title_color"":[""""],""variations_header_subtitle"":[""""],""variations_header_subtitle_position"":[""""],""variations_header_subtitle_color"":[""""],""variations_divider_type"":[""none""],""variations_disabled"":""1"",""variations_options"":{""pa_brand"":{""variations_display_as"":""select"",""variations_label"":"""",""variations_show_reset_button"":"""",""variations_class"":"""",""variations_items_per_row"":"""",""variations_items_per_row_tablets"":"""",""variations_items_per_row_tablets_small"":"""",""variations_items_per_row_smartphones"":"""",""variations_items_per_row_iphone5"":"""",""variations_items_per_row_iphone6"":"""",""variations_items_per_row_iphone6_plus"":"""",""variations_items_per_row_samsung_galaxy"":"""",""variations_items_per_row_tablets_galaxy"":"""",""variations_item_width"":"""",""variations_item_height"":"""",""variations_changes_product_image"":"""",""variations_show_name"":""hide"",""variations_color"":{""alessi"":"""",""eva-solo"":"""",""flos"":"""",""hay"":"""",""joseph-joseph"":"""",""klober"":"""",""louis-poulsen"":"""",""magisso"":"""",""vitra"":""""},""variations_image"":{""alessi"":"""",""eva-solo"":"""",""flos"":"""",""hay"":"""",""joseph-joseph"":"""",""klober"":"""",""louis-poulsen"":"""",""magisso"":"""",""vitra"":""""},""variations_imagep"":{""alessi"":"""",""eva-solo"":"""",""flos"":"""",""hay"":"""",""joseph-joseph"":"""",""klober"":"""",""louis-poulsen"":"""",""magisso"":"""",""vitra"":""""}},""pa_color"":{""variations_display_as"":""select"",""variations_label"":"""",""variations_show_reset_button"":"""",""variations_class"":"""",""variations_items_per_row"":"""",""variations_items_per_row_tablets"":"""",""variations_items_per_row_tablets_small"":"""",""variations_items_per_row_smartphones"":"""",""variations_items_per_row_iphone5"":"""",""variations_items_per_row_iphone6"":"""",""variations_items_per_row_iphone6_plus"":"""",""variations_items_per_row_samsung_galaxy"":"""",""variations_items_per_row_tablets_galaxy"":"""",""variations_item_width"":"""",""variations_item_height"":"""",""variations_changes_product_image"":"""",""variations_show_name"":""hide"",""variations_color"":{""beige"":"""",""black"":"""",""blue"":"""",""m"":"""",""yellow"":""""},""variations_image"":{""beige"":"""",""black"":"""",""blue"":"""",""m"":"""",""yellow"":""""},""variations_imagep"":{""beige"":"""",""black"":"""",""blue"":"""",""m"":"""",""yellow"":""""}},""pa_size"":{""variations_display_as"":""select"",""variations_label"":"""",""variations_show_reset_button"":"""",""variations_class"":"""",""variations_items_per_row"":"""",""variations_items_per_row_tablets"":"""",""variations_items_per_row_tablets_small"":"""",""variations_items_per_row_smartphones"":"""",""variations_items_per_row_iphone5"":"""",""variations_items_per_row_iphone6"":"""",""variations_items_per_row_iphone6_plus"":"""",""variations_items_per_row_samsung_galaxy"":"""",""variations_items_per_row_tablets_galaxy"":"""",""variations_item_width"":"""",""variations_item_height"":"""",""variations_changes_product_image"":"""",""variations_show_name"":""hide"",""variations_color"":{""m"":"""",""s"":"""",""xs"":""""},""variations_image"":{""m"":"""",""s"":"""",""xs"":""""},""variations_imagep"":{""m"":"""",""s"":"""",""xs"":""""}}}}}","{""mode"":""builder"",""override_display"":"""",""override_final_total_box"":""""}",0,none,,,,"Alessi|Eva Solo|Flos|Hay|Joseph Joseph|KLÖBER|Louis Poulsen|Magisso|Vitra",0|1|1,,Beige|Black|Blue|m|Yellow,1|1|1,,M|S|XS,2|1|1,
"Cryosleep – Natural Sleep Aid – 60 Capsules",cryosleep-natural-sleep-aid-60-capsules-alessi,7340,7350,"Brand: Alessi",,publish,,1,"2022-02-04 09:12:01",1,closed,,,,,no,no,,,,,,,,parent,,instock,no,no,taxable,,,,,,'-1,'-1,,,,,,,,,https://developerferoz.me/ecommorace-exm1/?product=cryosleep-natural-sleep-aid-60-capsules,,,,,,,,0,,,,Alessi,,,,,,,,,
"Cryosleep – Natural Sleep Aid – 60 Capsules",cryosleep-natural-sleep-aid-60-capsules-eva-solo,7340,7351,"Brand: Eva Solo",,publish,,2,"2022-02-04 09:12:02",1,closed,T-CS60,,,,no,no,,29.99,14.97,,,,,parent,,instock,no,no,taxable,,,,,,'-1,'-1,,,,,,,,,https://developerferoz.me/ecommorace-exm1/?product=cryosleep-natural-sleep-aid-60-capsules,,,,,,,,0,,,,"Eva Solo",,,,,,,,,
"Cryosleep – Natural Sleep Aid – 60 Capsules",cryosleep-natural-sleep-aid-60-capsules-flos,7340,7352,"Brand: Flos",,publish,,3,"2022-02-04 09:12:02",1,closed,,,,,no,no,,,,,,,,parent,,instock,no,no,taxable,,,,,,'-1,'-1,,,,,,,,,https://developerferoz.me/ecommorace-exm1/?product=cryosleep-natural-sleep-aid-60-capsules,,,,,,,,0,,,,Flos,,,,,,,,,
"Cryosleep – Natural Sleep Aid – 60 Capsules",cryosleep-natural-sleep-aid-60-capsules-hay,7340,7353,"Brand: Hay",,publish,,4,"2022-02-04 09:12:02",1,closed,,,,,no,no,,,,,,,,parent,,instock,no,no,taxable,,,,,,'-1,'-1,,,,,,,,,https://developerferoz.me/ecommorace-exm1/?product=cryosleep-natural-sleep-aid-60-capsules,,,,,,,,0,,,,Hay,,,,,,,,,
"Cryosleep – Natural Sleep Aid – 60 Capsules",cryosleep-natural-sleep-aid-60-capsules-joseph-joseph,7340,7354,"Brand: Joseph Joseph",,publish,,5,"2022-02-04 09:12:02",1,closed,,,,,no,no,,,,,,,,parent,,instock,no,no,taxable,,,,,,'-1,'-1,,,,,,,,,https://developerferoz.me/ecommorace-exm1/?product=cryosleep-natural-sleep-aid-60-capsules,,,,,,,,0,,,,"Joseph Joseph",,,,,,,,,
"Cryosleep – Natural Sleep Aid – 60 Capsules",cryosleep-natural-sleep-aid-60-capsules-klober,7340,7355,"Brand: KLÖBER",,publish,,6,"2022-02-04 09:12:02",1,closed,,,,,no,no,,,,,,,,parent,,instock,no,no,taxable,,,,,,'-1,'-1,,,,,,,,,https://developerferoz.me/ecommorace-exm1/?product=cryosleep-natural-sleep-aid-60-capsules,,,,,,,,0,,,,KLÖBER,,,,,,,,,
"Cryosleep – Natural Sleep Aid – 60 Capsules",cryosleep-natural-sleep-aid-60-capsules-louis-poulsen,7340,7356,"Brand: Louis Poulsen",,publish,,7,"2022-02-04 09:12:02",1,closed,,,,,no,no,,,,,,,,parent,,instock,no,no,taxable,,,,,,'-1,'-1,,,,,,,,,https://developerferoz.me/ecommorace-exm1/?product=cryosleep-natural-sleep-aid-60-capsules,,,,,,,,0,,,,"Louis Poulsen",,,,,,,,,
"Cryosleep – Natural Sleep Aid – 60 Capsules",cryosleep-natural-sleep-aid-60-capsules-magisso,7340,7357,"Brand: Magisso",,publish,,8,"2022-02-04 09:12:02",1,closed,,,,,no,no,,,,,,,,parent,,instock,no,no,taxable,,,,,,'-1,'-1,,,,,,,,,https://developerferoz.me/ecommorace-exm1/?product=cryosleep-natural-sleep-aid-60-capsules,,,,,,,,0,,,,Magisso,,,,,,,,,
"Cryosleep – Natural Sleep Aid – 60 Capsules",cryosleep-natural-sleep-aid-60-capsules-vitra,7340,7358,"Brand: Vitra",,publish,,9,"2022-02-04 09:12:02",1,closed,,,,,no,no,,,,,,,,parent,,instock,no,no,taxable,,,,,,'-1,'-1,,,,,,,,,https://developerferoz.me/ecommorace-exm1/?product=cryosleep-natural-sleep-aid-60-capsules,,,,,,,,0,,,,Vitra,,,,,,,,,
"Caralluma Fimbriata – 1200mg Max Strength – 60 Capsules",caralluma-fimbriata-1200mg-max-strength-60-capsules,,7359,"<h5>• Helps Reduce Appetite and Cravings*
• Supports Healthy Weight Loss*
• Supports Metabolism*
• Helps with Digestion*
• Increases Energy*</h5>","Caralluma is a natural weight loss support super star that works to curb appetite while boosting energy levels and metabolism*. It has been used in India for centuries, known widely for its ability to keep your appetite suppressed, while keeping your energy levels up. It does this by supporting your digestive enzymes, making them destroy fat production in your body. Instead, it turns this into all natural energy for you*.
<h5><strong>The Main Benefits of Caralluma are:</strong></h5>
• Helps Reduce Appetite and Cravings*
• Supports Healthy Weight Loss*
• Supports Metabolism*
• Helps with Digestion*
• Increases Energy*

Our supplement is a single ingredient, easy to swallow capsule, packed full of 1200mg (600mg per capsules) of Caralluma, with no fillers. This means no junk and no dairy, eggs or gluten. The capsules are even veggie capsules to keep things as natural as possible.
<ul>
 	<li><strong>100% PURE CARALLUMA, MAX STRENGTH –</strong> The highest dosage of 100% pure Caralluma packed into a veggie capsule with no garbage or fillers. Just Caralluma Fimbriata and the capsule! A true all natural solution to weight loss.</li>
 	<li>TerraForm Nutrition products are quality you can trust. All of our supplements are made in the USA at a GMP Certified, FDA registered state of the art facility. Additionally, they undergo 3rd party lab testing to assure purity and potency.</li>
 	<li>We believe in our products and our promise, so we stand behind them with a money back guarantee. We ask that you try it for at least 2 to 4 weeks, if you don’t get the results you were hoping for simply contact us for a full refund, no questions asked.</li>
</ul>",publish,,0,"2022-02-04 09:58:05",1,open,T-CMF60,,,,no,no,,29.99,14.99,,,,,,,instock,no,no,taxable,,,,,,'-1,'-1,,,,,,,"https://developerferoz.me/ecommorace-exm1/wp-content/uploads/2022/02/caralluma-formula-bottle-front.jpg ! alt :  ! title : caralluma-formula-bottle-front ! desc :  ! caption :  | https://developerferoz.me/ecommorace-exm1/wp-content/uploads/2022/02/caralluma-formula-bottle-front-ing-300x300-1.jpg ! alt :  ! title : caralluma-formula-bottle-front-ing-300x300 ! desc :  ! caption :  | https://developerferoz.me/ecommorace-exm1/wp-content/uploads/2022/02/caralluma-info-graphic-2-300x300-1.jpg ! alt :  ! title : caralluma-info-graphic-2-300x300 ! desc :  ! caption :  | https://developerferoz.me/ecommorace-exm1/wp-content/uploads/2022/02/caralluma-info-graphic-1-300x300-1.jpg ! alt :  ! title : caralluma-info-graphic-1-300x300 ! desc :  ! caption : ",,https://developerferoz.me/ecommorace-exm1/?product=caralluma-fimbriata-1200mg-max-strength-60-capsules,simple,,"Weight Loss",,,,"{""mode"":""builder"",""override_display"":"""",""override_final_total_box"":""""}",0,none,,,,,,,,,,,,
"Beetroot Extract Capsules – 60 Capsules",beetroot-extract-capsules-60-capsules,,7361,"<h5>• Helps Reduce Appetite and Cravings*
• Supports Healthy Weight Loss*
• Supports Metabolism*
• Helps with Digestion*
• Increases Energy*</h5>","Rich in antioxidants &amp; other vitamins, beet root extract capsules give you a wide variety of nutrients that help support your health, digestion, athletic performance &amp; even helps with blood pressure levels.

<strong>Just by taking 1 serving a day, you get a powerful antioxidant, fiber, calcium, iron, potassium, manganese, vitamin A &amp; vitamin C all in one supplement!</strong>

The term ‘superfood’ gets thrown around quite a lot in today’s world of supplements. However, one of the world’s most potent, actual superfoods has always been known to have plenty of benefits to you, just was put into powder form. Apart from being full of vitamins, antioxidants and other nutrients, this is a great source of dietary nitrates. Those nitrates help your body produce Nitric Oxide, which benefits your overall body health, more specifically those listed below.

<strong>The Benefits of our Beetroot:</strong>
<ul>
 	<li>Helps Support Healthy Blood Pressure</li>
 	<li>Supports Athletic Performance</li>
 	<li>Supports Natural Insulin Response</li>
 	<li>Supports Healthy Skin Conditions</li>
 	<li>Packed Full of Antioxidants</li>
</ul>",publish,,0,"2022-02-04 11:03:20",1,open,,,,,no,no,,19.99,15.99,,,,,,rated-5,instock,no,no,taxable,,,,,,'-1,'-1,,,,,,,"https://developerferoz.me/ecommorace-exm1/wp-content/uploads/2022/02/TFN-beetroot-bottle-front-1.jpg ! alt :  ! title : TFN-beetroot-bottle-front-1 ! desc :  ! caption :  | https://developerferoz.me/ecommorace-exm1/wp-content/uploads/2022/02/tfn-beetroot-infographic-3-300x300-1.jpg ! alt :  ! title : tfn-beetroot-infographic-3-300x300 ! desc :  ! caption :  | https://developerferoz.me/ecommorace-exm1/wp-content/uploads/2022/02/tfn-beetroot-infographic-2-300x300-1.jpg ! alt :  ! title : tfn-beetroot-infographic-2-300x300 ! desc :  ! caption :  | https://developerferoz.me/ecommorace-exm1/wp-content/uploads/2022/02/tfn-beetroot-infographic-1-300x300-1.jpg ! alt :  ! title : tfn-beetroot-infographic-1-300x300 ! desc :  ! caption : ",,https://developerferoz.me/ecommorace-exm1/?product=beetroot-extract-capsules-60-capsules,simple,rated-5,Wellness,,,,"{""mode"":""builder"",""override_display"":"""",""override_final_total_box"":""""}",0,none,,,,,,,,,,,,
